{
  "persist_roc_auc": 0.25,
  "persist_brier": 0.6666666666666666,
  "ma_roc_auc": 0.5,
  "ma_brier": 0.7142857142857143,
  "persist_mae": 1.3333333333333333,
  "persist_rmse": 1.7638342073763937,
  "ma_mae": 1.1428571428571428,
  "ma_rmse": 1.2971274735120224
}